condition,task,run,model,timestamp,success,input_tokens,input_tokens_cached,output_tokens,reasoning_tokens,total_cost_usd,wall_clock_seconds,turn_count,command_count,error_count
agent-browser,navigate_404,1,claude-sonnet-4-6,2026-04-03T06:43:25.569Z,true,75973,60499,401,0,0.08218845,14.965,4,3,1
agent-browser,navigate_404,2,claude-sonnet-4-6,2026-04-03T06:43:46.811Z,true,76127,63867,502,0,0.07266135,16.818,4,3,1
agent-browser,navigate_404,3,claude-sonnet-4-6,2026-04-03T06:44:05.553Z,true,75955,63664,435,0,0.0717117,14.514,4,3,0
agent-browser,navigate_404,4,claude-sonnet-4-6,2026-04-03T06:44:26.215Z,true,75955,63793,419,0,0.07102665,15.455,4,3,1
agent-browser,navigate_404,5,claude-sonnet-4-6,2026-04-03T06:44:49.782Z,true,82990,73229,491,0,0.06593295,17.991,5,4,2
agent-browser,tabular_data_analysis,1,claude-sonnet-4-6,2026-04-03T06:45:10.903Z,true,55742,44081,486,0,0.06424005,16.196,3,2,0
agent-browser,tabular_data_analysis,2,claude-sonnet-4-6,2026-04-03T06:45:32.052Z,true,55731,44081,568,0,0.06542880000000001,16.602,3,2,0
agent-browser,tabular_data_analysis,3,claude-sonnet-4-6,2026-04-03T06:45:54.434Z,true,55503,44083,479,0,0.06323190000000001,17.196,3,2,0
agent-browser,tabular_data_analysis,4,claude-sonnet-4-6,2026-04-03T06:46:20.737Z,true,55751,44083,481,0,0.0641919,19.803,3,2,0
agent-browser,tabular_data_analysis,5,claude-sonnet-4-6,2026-04-03T06:46:40.594Z,true,55729,44080,441,0,0.06351975,15.178,3,2,0
agent-browser,github_repo_stars,1,claude-sonnet-4-6,2026-04-03T06:46:57.090Z,true,67406,57357,303,0,0.059432099999999995,12.149,4,3,0
agent-browser,github_repo_stars,2,claude-sonnet-4-6,2026-04-03T06:47:12.286Z,true,50173,40885,269,0,0.0511275,10.807,3,2,0
agent-browser,github_repo_stars,3,claude-sonnet-4-6,2026-04-03T06:47:24.680Z,true,55920,44027,250,0,0.06155385,8.857,3,2,0
agent-browser,github_repo_stars,4,claude-sonnet-4-6,2026-04-03T06:47:43.087Z,true,68511,55911,310,0,0.06866955,12.905,4,3,0
agent-browser,github_repo_stars,5,claude-sonnet-4-6,2026-04-03T06:48:09.590Z,true,160583,146819,804,0,0.10771395,21.935,8,7,0
agent-browser,wikipedia_table_read,1,claude-sonnet-4-6,2026-04-03T06:48:32.932Z,true,95823,83981,650,0,0.0793473,18.565,5,4,1
agent-browser,wikipedia_table_read,2,claude-sonnet-4-6,2026-04-03T06:48:58.990Z,true,96208,84269,797,0,0.08200244999999999,21.161,5,4,1
agent-browser,wikipedia_table_read,3,claude-sonnet-4-6,2026-04-03T06:49:23.992Z,true,95753,83962,628,0,0.07882035,21.124,5,4,1
agent-browser,wikipedia_table_read,4,claude-sonnet-4-6,2026-04-03T06:49:50.715Z,true,95819,83980,646,0,0.07927574999999999,22.874,5,4,1
agent-browser,wikipedia_table_read,5,claude-sonnet-4-6,2026-04-03T06:50:14.705Z,true,95825,83983,642,0,0.07922789999999999,17.729,5,4,1
agent-browser,wikipedia_fact_lookup,1,claude-sonnet-4-6,2026-04-03T06:50:30.157Z,true,76583,63671,275,0,0.07164255,11.065,4,3,0
agent-browser,wikipedia_fact_lookup,2,claude-sonnet-4-6,2026-04-03T06:50:43.604Z,true,56256,44048,211,0,0.0621564,9.574,3,2,0
agent-browser,wikipedia_fact_lookup,3,claude-sonnet-4-6,2026-04-03T06:51:03.574Z,true,77729,64554,284,0,0.07302869999999999,15.518,4,3,0
agent-browser,wikipedia_fact_lookup,4,claude-sonnet-4-6,2026-04-03T06:51:19.551Z,true,55324,44049,300,0,0.059992949999999996,11.314,3,2,0
agent-browser,wikipedia_fact_lookup,5,claude-sonnet-4-6,2026-04-03T06:51:40.691Z,true,95539,83948,552,0,0.07692615,16.859,5,4,1
agent-browser,github_issue_investigation,1,claude-sonnet-4-6,2026-04-03T06:52:09.931Z,true,62311,44058,450,0,0.08841315,22.263,3,2,0
agent-browser,github_issue_investigation,2,claude-sonnet-4-6,2026-04-03T06:52:33.026Z,true,62329,44058,459,0,0.08861564999999999,17.943,3,2,0
agent-browser,github_issue_investigation,3,claude-sonnet-4-6,2026-04-03T06:52:56.824Z,true,62330,44058,468,0,0.0887544,17.251,3,2,0
agent-browser,github_issue_investigation,4,claude-sonnet-4-6,2026-04-03T06:53:18.230Z,true,62330,44058,469,0,0.0887694,15.594,3,2,0
agent-browser,github_issue_investigation,5,claude-sonnet-4-6,2026-04-03T06:53:39.549Z,true,62311,44058,450,0,0.08841315,16.648,3,2,0
agent-browser,wikipedia_infobox_hop,1,claude-sonnet-4-6,2026-04-03T06:54:23.914Z,true,243526,213312,841,0,0.18990435,38.762,8,7,0
agent-browser,wikipedia_infobox_hop,2,claude-sonnet-4-6,2026-04-03T06:55:02.267Z,true,212455,201535,967,0,0.11590575,34.349,12,11,0
agent-browser,wikipedia_infobox_hop,3,claude-sonnet-4-6,2026-04-03T06:55:38.880Z,true,171667,141692,670,0,0.1649586,31.453,6,5,0
agent-browser,wikipedia_infobox_hop,4,claude-sonnet-4-6,2026-04-03T06:56:19.868Z,true,171631,142747,698,0,0.16160385,34.867,6,5,0
agent-browser,wikipedia_infobox_hop,5,claude-sonnet-4-6,2026-04-03T06:57:00.504Z,true,243475,214237,814,0,0.18611684999999997,34.428,8,7,0
agent-browser,github_navigate_to_file,1,claude-sonnet-4-6,2026-04-03T06:57:35.878Z,true,116951,104063,530,0,0.08749364999999999,30.479,6,5,1
agent-browser,github_navigate_to_file,2,claude-sonnet-4-6,2026-04-03T06:58:04.359Z,true,115976,104034,719,0,0.08677245,22.7,6,5,2
agent-browser,github_navigate_to_file,3,claude-sonnet-4-6,2026-04-03T06:58:34.047Z,true,117259,104677,671,0,0.08864535,25.461,6,5,1
agent-browser,github_navigate_to_file,4,claude-sonnet-4-6,2026-04-03T06:59:00.065Z,true,116884,104377,624,0,0.0875691,21.861,6,5,0
agent-browser,github_navigate_to_file,5,claude-sonnet-4-6,2026-04-03T06:59:19.604Z,true,96779,83520,420,0,0.08107275,14.878,5,4,1
agent-browser,read_static_page,1,claude-sonnet-4-6,2026-04-03T06:59:32.711Z,true,55200,44031,236,0,0.058630049999999996,9.809,3,2,0
agent-browser,read_static_page,2,claude-sonnet-4-6,2026-04-03T06:59:46.409Z,true,55202,44032,237,0,0.058649099999999996,10.652,3,2,0
agent-browser,read_static_page,3,claude-sonnet-4-6,2026-04-03T07:00:05.158Z,true,55200,44031,236,0,0.058630049999999996,15.282,3,2,0
agent-browser,read_static_page,4,claude-sonnet-4-6,2026-04-03T07:00:21.546Z,true,71432,60134,331,0,0.06536895000000001,12.688,4,3,0
agent-browser,read_static_page,5,claude-sonnet-4-6,2026-04-03T07:00:34.224Z,true,55147,44019,195,0,0.0578577,8.638,3,2,0
agent-browser,multi_page_comparison,1,claude-sonnet-4-6,2026-04-03T07:00:55.734Z,true,76233,64204,326,0,0.0692562,17.855,4,3,0
agent-browser,multi_page_comparison,2,claude-sonnet-4-6,2026-04-03T07:01:17.355Z,true,76227,64202,326,0,0.06924059999999999,16.982,4,3,0
agent-browser,multi_page_comparison,3,claude-sonnet-4-6,2026-04-03T07:01:39.476Z,true,76233,64204,330,0,0.0693162,16.56,4,3,0
agent-browser,multi_page_comparison,4,claude-sonnet-4-6,2026-04-03T07:01:58.676Z,true,76227,64202,326,0,0.06924059999999999,14.756,4,3,0
agent-browser,multi_page_comparison,5,claude-sonnet-4-6,2026-04-03T07:02:19.088Z,true,76236,64206,327,0,0.06927554999999999,16.491,4,3,0
agent-browser,wikipedia_search_click,1,claude-sonnet-4-6,2026-04-03T07:02:49.429Z,true,157109,139903,543,0,0.11463239999999998,25.826,7,6,0
agent-browser,wikipedia_search_click,2,claude-sonnet-4-6,2026-04-03T07:03:14.999Z,true,134860,117804,494,0,0.10670595,20.738,6,5,0
agent-browser,wikipedia_search_click,3,claude-sonnet-4-6,2026-04-03T07:03:47.288Z,true,132531,116054,493,0,0.1039947,28.5,6,5,0
agent-browser,wikipedia_search_click,4,claude-sonnet-4-6,2026-04-03T07:04:15.209Z,true,134107,117243,486,0,0.10569765,24.07,6,5,0
agent-browser,wikipedia_search_click,5,claude-sonnet-4-6,2026-04-03T07:04:46.372Z,true,136485,117956,520,0,0.1126653,21.362,6,5,0
agent-browser,wikipedia_deep_extraction,1,claude-sonnet-4-6,2026-04-03T07:05:29.860Z,true,137898,127113,1603,0,0.10261590000000001,35.541,8,7,2
agent-browser,wikipedia_deep_extraction,2,claude-sonnet-4-6,2026-04-03T07:06:04.778Z,true,76110,64108,851,0,0.07700115,29.84,4,3,0
agent-browser,wikipedia_deep_extraction,3,claude-sonnet-4-6,2026-04-03T07:06:40.510Z,true,119448,105849,1345,0,0.1029207,30.316,6,5,1
agent-browser,wikipedia_deep_extraction,4,claude-sonnet-4-6,2026-04-03T07:07:13.310Z,true,98040,85202,1290,0,0.0930486,27.974,5,4,1
agent-browser,wikipedia_deep_extraction,5,claude-sonnet-4-6,2026-04-03T07:08:03.871Z,true,119194,105744,1747,0,0.10836045,35.227,6,5,1
agent-browser,multi_site_research,1,claude-sonnet-4-6,2026-04-03T07:08:47.791Z,true,49967,41028,677,0,0.2789124,38.949,5,18,1
agent-browser,multi_site_research,2,claude-sonnet-4-6,2026-04-03T07:09:21.337Z,true,117828,104083,1148,0,0.0999834,28.986,8,7,0
agent-browser,multi_site_research,3,claude-sonnet-4-6,2026-04-03T07:09:45.765Z,true,50621,41042,619,0,0.05751585000000001,17.014,5,4,0
agent-browser,multi_site_research,4,claude-sonnet-4-6,2026-04-03T07:10:25.482Z,true,143050,128825,1218,0,0.11025524999999999,33.226,10,9,0
agent-browser,multi_site_research,5,claude-sonnet-4-6,2026-04-03T07:10:57.867Z,true,49709,40865,713,0,0.15053670000000002,28.046,5,6,0
agent-browser,wikipedia_link_follow,1,claude-sonnet-4-6,2026-04-03T07:11:24.397Z,true,75561,63964,390,0,0.0685242,22.488,4,3,0
agent-browser,wikipedia_link_follow,2,claude-sonnet-4-6,2026-04-03T07:11:40.186Z,true,95389,83810,336,0,0.07359974999999999,12.114,5,4,1
agent-browser,wikipedia_link_follow,3,claude-sonnet-4-6,2026-04-03T07:12:06.487Z,true,75425,63870,315,0,0.06721350000000001,22.514,4,3,0
agent-browser,wikipedia_link_follow,4,claude-sonnet-4-6,2026-04-03T07:12:32.396Z,true,95580,83970,531,0,0.07668899999999998,21.414,5,4,0
agent-browser,wikipedia_link_follow,5,claude-sonnet-4-6,2026-04-03T07:17:36.866Z,false,15837,8603,6,0,0.029796899999999998,300.161,0,1,0
chrome-devtools-axi,multi_site_research,1,claude-sonnet-4-6,2026-04-04T05:44:18.655Z,true,72652,52291,708,0,0.1026573,23.471,6,5,0
chrome-devtools-axi,multi_site_research,2,claude-sonnet-4-6,2026-04-04T05:44:39.910Z,true,72543,60765,559,0,0.07077825,17.691,6,5,0
chrome-devtools-axi,multi_site_research,3,claude-sonnet-4-6,2026-04-04T05:44:59.301Z,true,53364,41904,434,0,0.062053199999999996,15.313,5,4,0
chrome-devtools-axi,multi_site_research,4,claude-sonnet-4-6,2026-04-04T05:46:01.640Z,true,33342,24980,396,0,0.15477495,58.756,2,14,0
chrome-devtools-axi,multi_site_research,5,claude-sonnet-4-6,2026-04-04T05:46:23.604Z,true,53352,41903,432,0,0.06198165,16.223,5,4,0
chrome-devtools-axi,wikipedia_infobox_hop,1,claude-sonnet-4-6,2026-04-04T05:46:46.298Z,true,91985,78963,639,0,0.0821019,18.93,5,4,0
chrome-devtools-axi,wikipedia_infobox_hop,2,claude-sonnet-4-6,2026-04-04T05:47:09.219Z,true,91988,79163,644,0,0.08149815,17.698,5,4,0
chrome-devtools-axi,wikipedia_infobox_hop,3,claude-sonnet-4-6,2026-04-04T05:47:31.182Z,true,91973,79160,641,0,0.08140725,18.652,5,4,0
chrome-devtools-axi,wikipedia_infobox_hop,4,claude-sonnet-4-6,2026-04-04T05:47:55.826Z,true,91984,78965,646,0,0.08219625,20.904,5,4,0
chrome-devtools-axi,wikipedia_infobox_hop,5,claude-sonnet-4-6,2026-04-04T05:48:17.752Z,true,91975,78965,639,0,0.0820575,18.628,5,4,0
chrome-devtools-axi,github_issue_investigation,1,claude-sonnet-4-6,2026-04-04T05:49:12.232Z,true,164306,147087,1851,0,0.1364556,49.294,8,7,1
chrome-devtools-axi,github_issue_investigation,2,claude-sonnet-4-6,2026-04-04T05:50:06.601Z,true,147316,129441,1923,0,0.13470254999999998,49.154,7,6,0
chrome-devtools-axi,github_issue_investigation,3,claude-sonnet-4-6,2026-04-04T05:54:51.317Z,true,492910,466721,4790,0,0.31005705000000006,279.457,23,22,6
chrome-devtools-axi,github_issue_investigation,4,claude-sonnet-4-6,2026-04-04T05:55:39.176Z,true,112079,96638,2057,0,0.1177449,42.433,6,5,1
chrome-devtools-axi,github_issue_investigation,5,claude-sonnet-4-6,2026-04-04T05:56:24.775Z,true,125653,108613,1461,0,0.11839365000000002,41.34,6,5,0
chrome-devtools-axi,wikipedia_fact_lookup,1,claude-sonnet-4-6,2026-04-04T05:56:36.721Z,true,33942,24929,181,0,0.04399019999999999,7.997,2,1,0
chrome-devtools-axi,wikipedia_fact_lookup,2,claude-sonnet-4-6,2026-04-04T05:56:47.156Z,true,33906,24929,152,0,0.0434202,7.251,2,1,0
chrome-devtools-axi,wikipedia_fact_lookup,3,claude-sonnet-4-6,2026-04-04T05:56:59.079Z,true,33939,24929,176,0,0.04390395,7.998,2,1,0
chrome-devtools-axi,wikipedia_fact_lookup,4,claude-sonnet-4-6,2026-04-04T05:57:10.944Z,true,33939,24929,176,0,0.04390395,8.531,2,1,0
chrome-devtools-axi,wikipedia_fact_lookup,5,claude-sonnet-4-6,2026-04-04T05:57:21.924Z,true,33939,24929,176,0,0.04390395,7.87,2,1,0
chrome-devtools-axi,wikipedia_link_follow,1,claude-sonnet-4-6,2026-04-04T05:57:45.346Z,true,94423,80475,493,0,0.083838,19.861,5,4,0
chrome-devtools-axi,wikipedia_link_follow,2,claude-sonnet-4-6,2026-04-04T05:58:06.694Z,true,94423,80261,491,0,0.08454629999999999,17.512,5,4,0
chrome-devtools-axi,wikipedia_link_follow,3,claude-sonnet-4-6,2026-04-04T05:58:29.850Z,true,104796,92478,552,0,0.08221065,19.211,6,5,0
chrome-devtools-axi,wikipedia_link_follow,4,claude-sonnet-4-6,2026-04-04T05:58:53.066Z,true,94447,80273,501,0,0.0847449,17.451,5,4,0
chrome-devtools-axi,wikipedia_link_follow,5,claude-sonnet-4-6,2026-04-04T05:59:16.193Z,true,94423,80475,493,0,0.083838,19.287,5,4,0
chrome-devtools-axi,read_static_page,1,claude-sonnet-4-6,2026-04-04T05:59:36.226Z,true,84059,75067,459,0,0.0631206,15.059,5,4,1
chrome-devtools-axi,read_static_page,2,claude-sonnet-4-6,2026-04-04T05:59:52.895Z,true,84059,74542,455,0,0.06487185,13.424,5,4,1
chrome-devtools-axi,read_static_page,3,claude-sonnet-4-6,2026-04-04T06:00:07.997Z,true,67161,58260,355,0,0.05617799999999999,12.233,4,3,1
chrome-devtools-axi,read_static_page,4,claude-sonnet-4-6,2026-04-04T06:00:26.982Z,true,67155,58258,350,0,0.056087399999999996,15.334,4,3,1
chrome-devtools-axi,read_static_page,5,claude-sonnet-4-6,2026-04-04T06:00:46.420Z,true,84059,74885,465,0,0.06383849999999999,16.468,5,4,1
chrome-devtools-axi,wikipedia_search_click,1,claude-sonnet-4-6,2026-04-04T06:01:07.116Z,true,91451,76255,421,0,0.086172,16.627,5,4,0
chrome-devtools-axi,wikipedia_search_click,2,claude-sonnet-4-6,2026-04-04T06:01:31.680Z,true,91661,76380,511,0,0.08787824999999999,18.407,5,4,0
chrome-devtools-axi,wikipedia_search_click,3,claude-sonnet-4-6,2026-04-04T06:01:59.856Z,true,91661,76380,514,0,0.08792325,24.367,5,4,0
chrome-devtools-axi,wikipedia_search_click,4,claude-sonnet-4-6,2026-04-04T06:02:24.097Z,true,91661,76380,517,0,0.08796825,20.992,5,4,0
chrome-devtools-axi,wikipedia_search_click,5,claude-sonnet-4-6,2026-04-04T06:02:42.902Z,true,91451,76255,426,0,0.086247,15.658,5,4,0
chrome-devtools-axi,tabular_data_analysis,1,claude-sonnet-4-6,2026-04-04T06:02:55.823Z,true,34534,24950,300,0,0.04792275,9.579,2,1,0
chrome-devtools-axi,tabular_data_analysis,2,claude-sonnet-4-6,2026-04-04T06:03:10.212Z,true,34557,24950,332,0,0.048489,10.039,2,1,0
chrome-devtools-axi,tabular_data_analysis,3,claude-sonnet-4-6,2026-04-04T06:03:26.395Z,true,36229,24950,302,0,0.054308999999999996,12.359,2,1,0
chrome-devtools-axi,tabular_data_analysis,4,claude-sonnet-4-6,2026-04-04T06:03:41.465Z,true,34557,24950,300,0,0.048008999999999996,11.314,2,1,0
chrome-devtools-axi,tabular_data_analysis,5,claude-sonnet-4-6,2026-04-04T06:03:55.210Z,true,36263,24950,325,0,0.054781500000000004,10.324,2,1,0
chrome-devtools-axi,navigate_404,1,claude-sonnet-4-6,2026-04-04T06:04:16.183Z,true,85676,75656,581,0,0.0689823,17.516,5,4,1
chrome-devtools-axi,navigate_404,2,claude-sonnet-4-6,2026-04-04T06:04:36.939Z,true,85674,75326,599,0,0.0703833,16.804,5,4,1
chrome-devtools-axi,navigate_404,3,claude-sonnet-4-6,2026-04-04T06:04:57.358Z,true,85670,75652,570,0,0.0688086,17.171,5,4,1
chrome-devtools-axi,navigate_404,4,claude-sonnet-4-6,2026-04-04T06:05:20.138Z,true,85673,75573,639,0,0.07012739999999999,19.245,5,4,1
chrome-devtools-axi,navigate_404,5,claude-sonnet-4-6,2026-04-04T06:05:40.008Z,true,85673,75851,593,0,0.06847829999999999,16.216,5,4,1
chrome-devtools-axi,wikipedia_table_read,1,claude-sonnet-4-6,2026-04-04T06:05:54.098Z,true,34372,24945,306,0,0.047422500000000006,10.258,2,1,0
chrome-devtools-axi,wikipedia_table_read,2,claude-sonnet-4-6,2026-04-04T06:06:09.675Z,true,34964,24945,221,0,0.048367499999999994,11.864,2,1,0
chrome-devtools-axi,wikipedia_table_read,3,claude-sonnet-4-6,2026-04-04T06:06:22.057Z,true,34351,24945,272,0,0.04683374999999999,8.907,2,1,0
chrome-devtools-axi,wikipedia_table_read,4,claude-sonnet-4-6,2026-04-04T06:06:36.848Z,true,34351,24945,285,0,0.047028749999999994,10.804,2,1,0
chrome-devtools-axi,wikipedia_table_read,5,claude-sonnet-4-6,2026-04-04T06:06:50.574Z,true,34351,24945,280,0,0.04695375,10.035,2,1,0
chrome-devtools-axi,wikipedia_deep_extraction,1,claude-sonnet-4-6,2026-04-04T06:07:03.989Z,true,34082,24947,330,0,0.046688099999999996,8.559,2,1,0
chrome-devtools-axi,wikipedia_deep_extraction,2,claude-sonnet-4-6,2026-04-04T06:07:16.366Z,true,34087,24947,319,0,0.046541849999999996,8.219,2,1,0
chrome-devtools-axi,wikipedia_deep_extraction,3,claude-sonnet-4-6,2026-04-04T06:07:30.756Z,true,34090,24947,338,0,0.0468381,9.367,2,1,0
chrome-devtools-axi,wikipedia_deep_extraction,4,claude-sonnet-4-6,2026-04-04T06:07:44.822Z,true,34118,24947,376,0,0.047513099999999996,9.77,2,1,0
chrome-devtools-axi,wikipedia_deep_extraction,5,claude-sonnet-4-6,2026-04-04T06:07:59.799Z,true,34088,24947,320,0,0.0465606,10.232,2,1,0
chrome-devtools-axi,multi_page_comparison,1,claude-sonnet-4-6,2026-04-04T06:08:18.261Z,true,88765,75293,398,0,0.0790734,15.146,5,4,1
chrome-devtools-axi,multi_page_comparison,2,claude-sonnet-4-6,2026-04-04T06:08:41.181Z,true,89893,77982,398,0,0.07402635,19.674,5,4,1
chrome-devtools-axi,multi_page_comparison,3,claude-sonnet-4-6,2026-04-04T06:09:00.099Z,true,89913,77802,406,0,0.07484234999999999,15.754,5,4,1
chrome-devtools-axi,multi_page_comparison,4,claude-sonnet-4-6,2026-04-04T06:09:50.656Z,true,88765,77420,388,0,0.07158524999999999,45.392,5,4,1
chrome-devtools-axi,multi_page_comparison,5,claude-sonnet-4-6,2026-04-04T06:10:08.709Z,true,88761,77227,396,0,0.07235609999999999,14.426,5,4,1
chrome-devtools-axi,github_navigate_to_file,1,claude-sonnet-4-6,2026-04-04T06:10:28.345Z,true,86491,75823,489,0,0.0700824,15.766,5,4,0
chrome-devtools-axi,github_navigate_to_file,2,claude-sonnet-4-6,2026-04-04T06:10:49.571Z,true,86481,75641,507,0,0.0709428,16.163,5,4,0
chrome-devtools-axi,github_navigate_to_file,3,claude-sonnet-4-6,2026-04-04T06:11:09.558Z,true,86489,75641,494,0,0.0707778,15.671,5,4,0
chrome-devtools-axi,github_navigate_to_file,4,claude-sonnet-4-6,2026-04-04T06:11:29.614Z,true,86505,75641,503,0,0.07097279999999999,16.619,5,4,0
chrome-devtools-axi,github_navigate_to_file,5,claude-sonnet-4-6,2026-04-04T06:11:49.220Z,true,86443,75791,476,0,0.0698178,15.888,5,4,0
chrome-devtools-axi,github_repo_stars,1,claude-sonnet-4-6,2026-04-04T06:12:07.890Z,true,84577,75085,471,0,0.065181,15.556,5,4,1
chrome-devtools-axi,github_repo_stars,2,claude-sonnet-4-6,2026-04-04T06:12:30.081Z,true,91737,75136,515,0,0.09251505,18.841,5,4,1
chrome-devtools-axi,github_repo_stars,3,claude-sonnet-4-6,2026-04-04T06:12:48.820Z,true,84581,74908,473,0,0.06583665,15.659,5,4,1
chrome-devtools-axi,github_repo_stars,4,claude-sonnet-4-6,2026-04-04T06:13:14.964Z,true,84577,75244,471,0,0.06463245,20.861,5,4,1
chrome-devtools-axi,github_repo_stars,5,claude-sonnet-4-6,2026-04-04T06:13:35.267Z,true,84577,75244,466,0,0.06455745,17.435,5,4,1
chrome-devtools-mcp-code,github_repo_stars,1,claude-sonnet-4-6,2026-04-07T19:21:33.781Z,true,111638,86768,1111,0,0.13595264999999998,32.82,6,5,0
chrome-devtools-mcp-code,github_repo_stars,2,claude-sonnet-4-6,2026-04-07T19:22:07.277Z,true,141029,124744,1325,0,0.11836095,29.655,7,6,0
chrome-devtools-mcp-code,github_repo_stars,3,claude-sonnet-4-6,2026-04-07T19:22:40.636Z,true,95827,80148,943,0,0.09698115,28.944,5,4,0
chrome-devtools-mcp-code,github_repo_stars,4,claude-sonnet-4-6,2026-04-07T19:23:12.959Z,true,92503,79912,912,0,0.08486534999999999,27.611,5,4,0
chrome-devtools-mcp-code,github_repo_stars,5,claude-sonnet-4-6,2026-04-07T19:23:41.028Z,true,107945,96534,1111,0,0.0884112,23.836,6,5,0
chrome-devtools-mcp-code,github_issue_investigation,1,claude-sonnet-4-6,2026-04-07T19:24:58.978Z,true,32616,24369,573,0,0.22999815,71.602,2,6,1
chrome-devtools-mcp-code,github_issue_investigation,2,claude-sonnet-4-6,2026-04-07T19:25:27.618Z,true,59709,41486,724,0,0.09163905,21.653,3,1,0
chrome-devtools-mcp-code,github_issue_investigation,3,claude-sonnet-4-6,2026-04-07T19:25:55.459Z,true,59474,41449,664,0,0.08998545,16.555,3,1,0
chrome-devtools-mcp-code,github_issue_investigation,4,claude-sonnet-4-6,2026-04-07T19:27:53.488Z,true,305478,286944,6829,0,0.2580087,112.95,15,11,1
chrome-devtools-mcp-code,github_issue_investigation,5,claude-sonnet-4-6,2026-04-07T19:29:24.965Z,true,362025,344369,4312,0,0.23418569999999994,85.739,19,8,1
chrome-devtools-mcp-code,wikipedia_table_read,1,claude-sonnet-4-6,2026-04-07T19:30:10.547Z,true,147199,135944,2005,0,0.1130577,41.686,8,3,0
chrome-devtools-mcp-code,wikipedia_table_read,2,claude-sonnet-4-6,2026-04-07T19:30:35.840Z,true,59104,45617,932,0,0.07823835000000001,21.603,3,2,0
chrome-devtools-mcp-code,wikipedia_table_read,3,claude-sonnet-4-6,2026-04-07T19:30:58.093Z,true,59056,45617,878,0,0.07724835000000001,17.838,3,2,0
chrome-devtools-mcp-code,wikipedia_table_read,4,claude-sonnet-4-6,2026-04-07T19:31:42.337Z,true,172868,157040,2103,0,0.13800525,41.076,8,5,0
chrome-devtools-mcp-code,wikipedia_table_read,5,claude-sonnet-4-6,2026-04-07T19:32:19.919Z,true,171603,156544,1802,0,0.13045769999999998,34.103,8,6,0
chrome-devtools-mcp-code,multi_page_comparison,1,claude-sonnet-4-6,2026-04-07T19:32:44.733Z,true,68533,59077,944,0,0.06733934999999999,20.843,4,3,0
chrome-devtools-mcp-code,multi_page_comparison,2,claude-sonnet-4-6,2026-04-07T19:33:19.114Z,true,94527,82222,1628,0,0.09522585,30.093,5,4,0
chrome-devtools-mcp-code,multi_page_comparison,3,claude-sonnet-4-6,2026-04-07T19:33:46.078Z,true,53122,42681,766,0,0.06344505,23.048,3,2,0
chrome-devtools-mcp-code,multi_page_comparison,4,claude-sonnet-4-6,2026-04-07T19:34:10.769Z,true,53073,42631,927,0,0.0658488,21.577,3,2,0
chrome-devtools-mcp-code,multi_page_comparison,5,claude-sonnet-4-6,2026-04-07T19:34:39.688Z,true,88567,77935,1079,0,0.079431,25.631,5,2,0
chrome-devtools-mcp-code,read_static_page,1,claude-sonnet-4-6,2026-04-07T19:34:51.876Z,true,32126,24341,272,0,0.0405738,9.067,2,1,0
chrome-devtools-mcp-code,read_static_page,2,claude-sonnet-4-6,2026-04-07T19:35:03.443Z,true,32108,24341,252,0,0.0402063,8.078,2,1,0
chrome-devtools-mcp-code,read_static_page,3,claude-sonnet-4-6,2026-04-07T19:35:14.752Z,true,32126,24341,272,0,0.0405738,7.96,2,1,0
chrome-devtools-mcp-code,read_static_page,4,claude-sonnet-4-6,2026-04-07T19:35:24.487Z,true,32110,24341,212,0,0.039613800000000005,6.76,2,1,0
chrome-devtools-mcp-code,read_static_page,5,claude-sonnet-4-6,2026-04-07T19:35:35.367Z,true,32116,24341,218,0,0.0397263,7.857,2,1,0
chrome-devtools-mcp-code,wikipedia_infobox_hop,1,claude-sonnet-4-6,2026-04-07T19:36:22.296Z,true,297503,281957,1634,0,0.16738335,43.358,14,8,0
chrome-devtools-mcp-code,wikipedia_infobox_hop,2,claude-sonnet-4-6,2026-04-07T19:37:02.872Z,true,196133,175614,1374,0,0.15023295,36.365,9,3,0
chrome-devtools-mcp-code,wikipedia_infobox_hop,3,claude-sonnet-4-6,2026-04-07T19:37:51.148Z,true,280519,259484,1486,0,0.17900594999999997,44.56,13,7,0
chrome-devtools-mcp-code,wikipedia_infobox_hop,4,claude-sonnet-4-6,2026-04-07T19:38:34.582Z,true,198716,174312,1366,0,0.1642911,37.638,9,3,0
chrome-devtools-mcp-code,wikipedia_infobox_hop,5,claude-sonnet-4-6,2026-04-07T19:39:06.826Z,true,130445,109383,1196,0,0.12973215,27.764,6,4,0
chrome-devtools-mcp-code,navigate_404,1,claude-sonnet-4-6,2026-04-07T19:39:34.379Z,true,83026,73422,908,0,0.07165709999999999,22.341,5,2,0
chrome-devtools-mcp-code,navigate_404,2,claude-sonnet-4-6,2026-04-07T19:39:53.086Z,true,50006,40749,709,0,0.057570449999999995,15.013,3,1,0
chrome-devtools-mcp-code,navigate_404,3,claude-sonnet-4-6,2026-04-07T19:40:13.020Z,true,49953,40729,687,0,0.0571107,15.963,3,1,0
chrome-devtools-mcp-code,navigate_404,4,claude-sonnet-4-6,2026-04-07T19:40:31.505Z,true,49929,40716,657,0,0.05661555,13.867,3,1,0
chrome-devtools-mcp-code,navigate_404,5,claude-sonnet-4-6,2026-04-07T19:40:58.182Z,true,82974,72217,883,0,0.07524435,22.71,5,2,0
chrome-devtools-mcp-code,wikipedia_search_click,1,claude-sonnet-4-6,2026-04-07T19:41:56.922Z,true,177365,162912,2756,0,0.14440485000000003,54.677,9,3,0
chrome-devtools-mcp-code,wikipedia_search_click,2,claude-sonnet-4-6,2026-04-07T19:43:28.024Z,true,349988,331387,3607,0,0.22326134999999997,85.694,17,8,0
chrome-devtools-mcp-code,wikipedia_search_click,3,claude-sonnet-4-6,2026-04-07T19:45:04.894Z,true,490657,458750,3933,0,0.31625775,91.846,18,7,0
chrome-devtools-mcp-code,wikipedia_search_click,4,claude-sonnet-4-6,2026-04-07T19:45:38.433Z,true,136638,115591,1237,0,0.13215255,29.843,7,3,0
chrome-devtools-mcp-code,wikipedia_search_click,5,claude-sonnet-4-6,2026-04-07T19:46:23.459Z,true,164239,146557,1743,0,0.13641285000000003,41.043,8,7,1
chrome-devtools-mcp-code,multi_site_research,1,claude-sonnet-4-6,2026-04-07T19:48:12.330Z,true,293180,276582,5144,0,0.22236584999999998,100.824,14,6,0
chrome-devtools-mcp-code,multi_site_research,2,claude-sonnet-4-6,2026-04-07T19:49:52.264Z,true,32672,24411,438,0,0.22242825000000002,95.523,2,5,1
chrome-devtools-mcp-code,multi_site_research,3,claude-sonnet-4-6,2026-04-07T19:50:52.963Z,true,32577,24411,398,0,0.1742268,56.154,2,10,0
chrome-devtools-mcp-code,multi_site_research,4,claude-sonnet-4-6,2026-04-07T19:52:23.540Z,true,32834,24411,483,0,0.25564394999999995,84.399,2,4,1
chrome-devtools-mcp-code,multi_site_research,5,claude-sonnet-4-6,2026-04-07T19:53:09.146Z,true,156402,141052,1534,0,0.12288135000000003,41.404,8,6,0
chrome-devtools-mcp-code,github_navigate_to_file,1,claude-sonnet-4-6,2026-04-07T19:53:37.375Z,true,50520,41303,522,0,0.05478165,24.679,3,2,0
chrome-devtools-mcp-code,github_navigate_to_file,2,claude-sonnet-4-6,2026-04-07T19:54:02.496Z,true,51504,41747,584,0,0.057869849999999994,19.017,3,2,0
chrome-devtools-mcp-code,github_navigate_to_file,3,claude-sonnet-4-6,2026-04-07T19:54:36.981Z,true,70943,59494,1159,0,0.0781632,27.734,4,3,0
chrome-devtools-mcp-code,github_navigate_to_file,4,claude-sonnet-4-6,2026-04-07T19:55:06.438Z,true,52437,42050,964,0,0.06602325,25.502,3,2,0
chrome-devtools-mcp-code,github_navigate_to_file,5,claude-sonnet-4-6,2026-04-07T19:55:57.485Z,true,134009,121452,1651,0,0.10828335000000001,46.126,7,6,0
chrome-devtools-mcp-code,wikipedia_deep_extraction,1,claude-sonnet-4-6,2026-04-07T19:56:48.408Z,true,215635,198202,2484,0,0.16208609999999998,45.14,10,4,0
chrome-devtools-mcp-code,wikipedia_deep_extraction,2,claude-sonnet-4-6,2026-04-07T19:57:58.227Z,true,249501,230333,3525,0,0.19384590000000004,59.429,11,5,0
chrome-devtools-mcp-code,wikipedia_deep_extraction,3,claude-sonnet-4-6,2026-04-07T19:58:33.905Z,true,148493,132011,1662,0,0.1263348,30.796,7,3,0
chrome-devtools-mcp-code,wikipedia_deep_extraction,4,claude-sonnet-4-6,2026-04-07T19:59:19.889Z,true,139864,117882,2220,0,0.15109185,37.878,6,5,0
chrome-devtools-mcp-code,wikipedia_deep_extraction,5,claude-sonnet-4-6,2026-04-07T19:59:59.422Z,true,84421,69293,1699,0,0.10299915,30.606,4,3,0
chrome-devtools-mcp-code,wikipedia_fact_lookup,1,claude-sonnet-4-6,2026-04-07T20:00:10.597Z,true,32268,24360,241,0,0.04057575,7.743,2,1,0
chrome-devtools-mcp-code,wikipedia_fact_lookup,2,claude-sonnet-4-6,2026-04-07T20:00:33.911Z,true,68824,58460,603,0,0.06544425,19.849,4,3,0
chrome-devtools-mcp-code,wikipedia_fact_lookup,3,claude-sonnet-4-6,2026-04-07T20:00:51.483Z,true,57992,45081,359,0,0.06732255,14.298,3,2,0
chrome-devtools-mcp-code,wikipedia_fact_lookup,4,claude-sonnet-4-6,2026-04-07T20:01:22.774Z,true,100785,87544,1109,0,0.09254744999999999,27.885,5,4,0
chrome-devtools-mcp-code,wikipedia_fact_lookup,5,claude-sonnet-4-6,2026-04-07T20:01:37.389Z,true,32272,24360,245,0,0.04065075,10.226,2,1,0
chrome-devtools-mcp-code,tabular_data_analysis,1,claude-sonnet-4-6,2026-04-07T20:01:59.915Z,true,65798,57028,819,0,0.06227715000000001,18.79,4,1,0
chrome-devtools-mcp-code,tabular_data_analysis,2,claude-sonnet-4-6,2026-04-07T20:02:51.543Z,true,264365,242642,2098,0,0.18571485000000001,47.578,11,4,0
chrome-devtools-mcp-code,tabular_data_analysis,3,claude-sonnet-4-6,2026-04-07T20:03:14.481Z,true,64143,48160,703,0,0.08492624999999998,16.089,3,2,0
chrome-devtools-mcp-code,tabular_data_analysis,4,claude-sonnet-4-6,2026-04-07T20:03:37.098Z,true,64231,48178,854,0,0.08745914999999999,18.682,3,2,0
chrome-devtools-mcp-code,tabular_data_analysis,5,claude-sonnet-4-6,2026-04-07T20:04:02.194Z,true,64414,48250,883,0,0.088332,21.193,3,2,0
chrome-devtools-mcp-code,wikipedia_link_follow,1,claude-sonnet-4-6,2026-04-07T20:04:49.959Z,true,210583,194961,2431,0,0.1535268,44.072,11,3,2
chrome-devtools-mcp-code,wikipedia_link_follow,2,claude-sonnet-4-6,2026-04-07T20:05:31.827Z,true,179772,167369,2153,0,0.1290087,38.533,10,5,1
chrome-devtools-mcp-code,wikipedia_link_follow,3,claude-sonnet-4-6,2026-04-07T20:06:58.265Z,true,523968,504047,4449,0,0.29263409999999995,82.964,24,6,0
chrome-devtools-mcp-code,wikipedia_link_follow,4,claude-sonnet-4-6,2026-04-07T20:07:54.823Z,true,214758,200702,2961,0,0.1573266,52.96,11,3,2
chrome-devtools-mcp-code,wikipedia_link_follow,5,claude-sonnet-4-6,2026-04-07T20:08:37.553Z,true,148704,133735,2249,0,0.1299825,39.069,8,2,1
chrome-devtools-mcp-compressed-cli,wikipedia_fact_lookup,1,claude-sonnet-4-6,2026-04-03T08:27:03.053Z,true,83523,74877,466,0,0.0618711,23.328,5,4,1
chrome-devtools-mcp-compressed-cli,wikipedia_fact_lookup,2,claude-sonnet-4-6,2026-04-03T08:27:24.557Z,true,83492,74873,441,0,0.061393649999999994,18.688,5,4,1
chrome-devtools-mcp-compressed-cli,wikipedia_fact_lookup,3,claude-sonnet-4-6,2026-04-03T08:27:46.026Z,true,83516,74157,464,0,0.06429885,18.696,5,4,1
chrome-devtools-mcp-compressed-cli,wikipedia_fact_lookup,4,claude-sonnet-4-6,2026-04-03T08:28:06.188Z,true,83486,74533,439,0,0.06251415,16.673,5,4,1
chrome-devtools-mcp-compressed-cli,wikipedia_fact_lookup,5,claude-sonnet-4-6,2026-04-03T08:28:25.709Z,true,83520,74881,463,0,0.06180104999999999,16.847,5,4,1
chrome-devtools-mcp-compressed-cli,multi_page_comparison,1,claude-sonnet-4-6,2026-04-03T08:29:02.899Z,true,179997,167908,1054,0,0.1115079,34.097,10,9,0
chrome-devtools-mcp-compressed-cli,multi_page_comparison,2,claude-sonnet-4-6,2026-04-03T08:29:35.889Z,true,172576,162102,926,0,0.10178985000000002,30.002,10,9,1
chrome-devtools-mcp-compressed-cli,multi_page_comparison,3,claude-sonnet-4-6,2026-04-03T08:30:14.337Z,true,179843,166853,1048,0,0.11448015,35.4,10,9,0
chrome-devtools-mcp-compressed-cli,multi_page_comparison,4,claude-sonnet-4-6,2026-04-03T08:30:44.127Z,true,155759,144783,714,0,0.0952974,27.004,9,8,0
chrome-devtools-mcp-compressed-cli,multi_page_comparison,5,claude-sonnet-4-6,2026-04-03T08:31:13.767Z,true,145290,132175,745,0,0.10000200000000001,26.942,8,7,0
chrome-devtools-mcp-compressed-cli,wikipedia_link_follow,1,claude-sonnet-4-6,2026-04-03T08:31:45.139Z,true,140660,129084,601,0,0.09114345000000003,26.961,8,7,1
chrome-devtools-mcp-compressed-cli,wikipedia_link_follow,2,claude-sonnet-4-6,2026-04-03T08:32:12.710Z,true,121423,110848,532,0,0.08088465,23.836,7,6,1
chrome-devtools-mcp-compressed-cli,wikipedia_link_follow,3,claude-sonnet-4-6,2026-04-03T08:32:39.838Z,true,121945,109931,533,0,0.08602080000000001,24.217,7,6,1
chrome-devtools-mcp-compressed-cli,wikipedia_link_follow,4,claude-sonnet-4-6,2026-04-03T08:33:22.558Z,true,121920,109826,532,0,0.08627430000000001,39.491,7,6,1
chrome-devtools-mcp-compressed-cli,wikipedia_link_follow,5,claude-sonnet-4-6,2026-04-03T08:33:50.788Z,true,121423,110632,535,0,0.08167485,24.947,7,6,1
chrome-devtools-mcp-compressed-cli,wikipedia_table_read,1,claude-sonnet-4-6,2026-04-03T08:34:13.639Z,true,83968,74664,742,0,0.0684147,20.053,5,4,1
chrome-devtools-mcp-compressed-cli,wikipedia_table_read,2,claude-sonnet-4-6,2026-04-03T08:34:46.235Z,true,83991,74367,1278,0,0.07756560000000001,29.521,5,4,1
chrome-devtools-mcp-compressed-cli,wikipedia_table_read,3,claude-sonnet-4-6,2026-04-03T08:35:09.616Z,true,83979,75061,691,0,0.0663213,20.642,5,4,1
chrome-devtools-mcp-compressed-cli,wikipedia_table_read,4,claude-sonnet-4-6,2026-04-03T08:35:33.315Z,true,83856,74857,632,0,0.06567885,20.549,5,4,1
chrome-devtools-mcp-compressed-cli,wikipedia_table_read,5,claude-sonnet-4-6,2026-04-03T08:36:00.209Z,true,83961,74646,781,0,0.06903555,22.074,5,4,1
chrome-devtools-mcp-compressed-cli,tabular_data_analysis,1,claude-sonnet-4-6,2026-04-03T08:36:28.233Z,true,84068,74990,774,0,0.068145,24.489,5,4,1
chrome-devtools-mcp-compressed-cli,tabular_data_analysis,2,claude-sonnet-4-6,2026-04-03T08:36:54.966Z,true,84057,74856,742,0,0.06808605,22.424,5,4,1
chrome-devtools-mcp-compressed-cli,tabular_data_analysis,3,claude-sonnet-4-6,2026-04-03T08:37:20.621Z,true,66311,57869,518,0,0.05678445,22.239,4,3,0
chrome-devtools-mcp-compressed-cli,tabular_data_analysis,4,claude-sonnet-4-6,2026-04-03T08:37:47.676Z,true,84068,74987,712,0,0.06722534999999999,23.503,5,4,1
chrome-devtools-mcp-compressed-cli,tabular_data_analysis,5,claude-sonnet-4-6,2026-04-03T08:38:07.945Z,true,66335,57036,494,0,0.05938829999999999,17.334,4,3,0
chrome-devtools-mcp-compressed-cli,github_issue_investigation,1,claude-sonnet-4-6,2026-04-03T08:38:37.112Z,true,104749,93382,814,0,0.0828456,24.42,6,5,0
chrome-devtools-mcp-compressed-cli,github_issue_investigation,2,claude-sonnet-4-6,2026-04-03T08:39:04.674Z,true,90631,75389,649,0,0.0895047,23.446,5,3,0
chrome-devtools-mcp-compressed-cli,github_issue_investigation,3,claude-sonnet-4-6,2026-04-03T08:39:33.980Z,true,90605,75386,652,0,0.08946255,25.344,5,3,0
chrome-devtools-mcp-compressed-cli,github_issue_investigation,4,claude-sonnet-4-6,2026-04-03T08:40:09.593Z,true,108717,96003,828,0,0.08889315,30.234,6,5,0
chrome-devtools-mcp-compressed-cli,github_issue_investigation,5,claude-sonnet-4-6,2026-04-03T08:40:42.896Z,true,104606,93689,1040,0,0.0846402,29.592,6,5,0
chrome-devtools-mcp-compressed-cli,wikipedia_deep_extraction,1,claude-sonnet-4-6,2026-04-03T08:41:23.744Z,true,120813,110644,1487,0,0.09362595,35.58,7,6,1
chrome-devtools-mcp-compressed-cli,wikipedia_deep_extraction,2,claude-sonnet-4-6,2026-04-03T08:42:09.656Z,true,140788,129727,2006,0,0.1104801,41.072,8,7,1
chrome-devtools-mcp-compressed-cli,wikipedia_deep_extraction,3,claude-sonnet-4-6,2026-04-03T08:42:46.344Z,true,120791,110190,1510,0,0.09545474999999999,32.264,7,6,1
chrome-devtools-mcp-compressed-cli,wikipedia_deep_extraction,4,claude-sonnet-4-6,2026-04-03T08:43:22.688Z,true,122182,111479,1491,0,0.09593895,32.384,7,6,1
chrome-devtools-mcp-compressed-cli,wikipedia_deep_extraction,5,claude-sonnet-4-6,2026-04-03T08:43:56.689Z,true,119969,110029,1259,0,0.0891627,29.193,7,6,1
chrome-devtools-mcp-compressed-cli,github_repo_stars,1,claude-sonnet-4-6,2026-04-03T08:50:52.741Z,true,110614,96058,589,0,0.09223215,24.701,6,5,0
chrome-devtools-mcp-compressed-cli,github_repo_stars,2,claude-sonnet-4-6,2026-04-03T08:51:22.835Z,true,110548,96855,594,0,0.08931,25.963,6,5,0
chrome-devtools-mcp-compressed-cli,github_repo_stars,3,claude-sonnet-4-6,2026-04-03T08:51:51.241Z,true,110310,95927,627,0,0.0921141,25.208,6,5,0
chrome-devtools-mcp-compressed-cli,github_repo_stars,4,claude-sonnet-4-6,2026-04-03T08:52:33.938Z,true,169007,159220,1208,0,0.10257899999999999,38.096,10,9,3
chrome-devtools-mcp-compressed-cli,github_repo_stars,5,claude-sonnet-4-6,2026-04-03T08:53:01.373Z,true,100000,89862,602,0,0.07400084999999998,24.54,6,5,2
chrome-devtools-mcp-compressed-cli,read_static_page,1,claude-sonnet-4-6,2026-04-03T08:53:18.708Z,true,66011,57738,253,0,0.05213639999999999,15.227,4,3,0
chrome-devtools-mcp-compressed-cli,read_static_page,2,claude-sonnet-4-6,2026-04-03T08:53:35.558Z,true,65993,57726,242,0,0.0519453,14.637,4,3,0
chrome-devtools-mcp-compressed-cli,read_static_page,3,claude-sonnet-4-6,2026-04-03T08:54:03.151Z,true,81770,73612,458,0,0.05954159999999999,24.77,5,4,2
chrome-devtools-mcp-compressed-cli,read_static_page,4,claude-sonnet-4-6,2026-04-03T08:54:22.682Z,true,65129,57132,304,0,0.051684600000000004,15.584,4,3,2
chrome-devtools-mcp-compressed-cli,read_static_page,5,claude-sonnet-4-6,2026-04-03T08:54:43.038Z,true,81508,72772,354,0,0.059897099999999995,17.301,5,4,2
chrome-devtools-mcp-compressed-cli,multi_site_research,1,claude-sonnet-4-6,2026-04-03T08:55:51.223Z,true,304271,290209,2405,0,0.17585745,64.831,19,18,2
chrome-devtools-mcp-compressed-cli,multi_site_research,2,claude-sonnet-4-6,2026-04-03T08:56:50.495Z,true,231253,216727,2258,0,0.15335084999999998,54.492,16,15,2
chrome-devtools-mcp-compressed-cli,multi_site_research,3,claude-sonnet-4-6,2026-04-03T08:57:55.676Z,true,286329,273525,2331,0,0.1650255,62.236,17,16,2
chrome-devtools-mcp-compressed-cli,multi_site_research,4,claude-sonnet-4-6,2026-04-03T08:58:43.955Z,true,200982,186264,1384,0,0.1318227,41.371,19,18,6
chrome-devtools-mcp-compressed-cli,multi_site_research,5,claude-sonnet-4-6,2026-04-03T08:59:41.560Z,true,238871,226435,2002,0,0.144585,54.016,15,14,2
chrome-devtools-mcp-compressed-cli,github_navigate_to_file,1,claude-sonnet-4-6,2026-04-03T09:00:04.766Z,true,85377,74616,445,0,0.06940905,19.103,5,4,0
chrome-devtools-mcp-compressed-cli,github_navigate_to_file,2,claude-sonnet-4-6,2026-04-03T09:00:33.935Z,true,102469,92413,552,0,0.07370864999999999,25.903,6,5,0
chrome-devtools-mcp-compressed-cli,github_navigate_to_file,3,claude-sonnet-4-6,2026-04-03T09:01:03.233Z,true,102402,92554,525,0,0.07256595,25.488,6,5,0
chrome-devtools-mcp-compressed-cli,github_navigate_to_file,4,claude-sonnet-4-6,2026-04-03T09:01:30.198Z,true,102408,92556,530,0,0.07265655,23.521,6,5,0
chrome-devtools-mcp-compressed-cli,github_navigate_to_file,5,claude-sonnet-4-6,2026-04-03T09:02:11.367Z,true,138075,126727,792,0,0.09244634999999998,38.1,8,7,1
chrome-devtools-mcp-compressed-cli,navigate_404,1,claude-sonnet-4-6,2026-04-03T09:02:48.861Z,true,133391,124345,1107,0,0.08782425,34.55,8,7,2
chrome-devtools-mcp-compressed-cli,navigate_404,2,claude-sonnet-4-6,2026-04-03T09:03:25.724Z,true,169945,151077,1010,0,0.13122135,33.345,8,7,2
chrome-devtools-mcp-compressed-cli,navigate_404,3,claude-sonnet-4-6,2026-04-03T09:04:03.857Z,true,133881,123875,1000,0,0.08967825,33.468,8,7,2
chrome-devtools-mcp-compressed-cli,navigate_404,4,claude-sonnet-4-6,2026-04-03T09:04:37.448Z,true,133407,124463,953,0,0.08516715000000001,30.288,8,7,2
chrome-devtools-mcp-compressed-cli,navigate_404,5,claude-sonnet-4-6,2026-04-03T09:05:18.440Z,true,150940,140980,1076,0,0.09577649999999999,37.277,9,8,2
chrome-devtools-mcp-compressed-cli,wikipedia_infobox_hop,1,claude-sonnet-4-6,2026-04-03T09:05:56.963Z,true,194065,179835,1168,0,0.12482474999999998,35.005,10,9,0
chrome-devtools-mcp-compressed-cli,wikipedia_infobox_hop,2,claude-sonnet-4-6,2026-04-03T09:06:38.734Z,true,197770,181482,1166,0,0.13300635,37.718,10,9,0
chrome-devtools-mcp-compressed-cli,wikipedia_infobox_hop,3,claude-sonnet-4-6,2026-04-03T09:07:19.498Z,true,188435,174015,1178,0,0.12394124999999998,37.657,10,9,0
chrome-devtools-mcp-compressed-cli,wikipedia_infobox_hop,4,claude-sonnet-4-6,2026-04-03T09:08:00.541Z,true,191205,177674,1170,0,0.12158519999999999,37.173,10,9,0
chrome-devtools-mcp-compressed-cli,wikipedia_infobox_hop,5,claude-sonnet-4-6,2026-04-03T09:08:42.380Z,true,197947,183284,1198,0,0.1279332,38.509,10,9,0
chrome-devtools-mcp-compressed-cli,wikipedia_search_click,1,claude-sonnet-4-6,2026-04-03T11:50:21.963Z,true,220345,207669,996,0,0.12476595,43.279,12,11,3
chrome-devtools-mcp-compressed-cli,wikipedia_search_click,2,claude-sonnet-4-6,2026-04-03T11:50:58.995Z,true,183794,171443,927,0,0.1116459,33.692,10,9,2
chrome-devtools-mcp-compressed-cli,wikipedia_search_click,3,claude-sonnet-4-6,2026-04-03T11:51:34.361Z,true,158228,147430,679,0,0.09489899999999998,31.802,9,8,1
chrome-devtools-mcp-compressed-cli,wikipedia_search_click,4,claude-sonnet-4-6,2026-04-03T11:52:16.652Z,true,199732,187956,843,0,0.1131828,38.824,11,10,2
chrome-devtools-mcp-compressed-cli,wikipedia_search_click,5,claude-sonnet-4-6,2026-04-03T11:52:49.470Z,true,141333,130492,641,0,0.08940959999999999,29.29,8,7,0
chrome-devtools-mcp-search,navigate_404,1,claude-sonnet-4-6,2026-04-03T09:48:09.602Z,true,108921,96870,706,0,0.0848355,23.302,6,0,0
chrome-devtools-mcp-search,navigate_404,2,claude-sonnet-4-6,2026-04-03T09:48:40.498Z,true,108778,96509,599,0,0.08393969999999998,23.071,6,0,0
chrome-devtools-mcp-search,navigate_404,3,claude-sonnet-4-6,2026-04-03T09:49:09.505Z,true,108750,95171,654,0,0.0892758,25.699,6,0,0
chrome-devtools-mcp-search,navigate_404,4,claude-sonnet-4-6,2026-04-03T09:49:39.174Z,true,108867,96704,670,0,0.0846657,26.699,6,0,0
chrome-devtools-mcp-search,navigate_404,5,claude-sonnet-4-6,2026-04-03T09:50:07.601Z,true,108744,94878,592,0,0.08933415,24.903,6,0,0
chrome-devtools-mcp-search,wikipedia_deep_extraction,1,claude-sonnet-4-6,2026-04-03T09:50:43.615Z,true,124884,113987,1417,0,0.09630585,31.744,7,0,0
chrome-devtools-mcp-search,wikipedia_deep_extraction,2,claude-sonnet-4-6,2026-04-03T09:51:32.073Z,true,143110,130413,2131,0,0.11869289999999999,43.788,8,0,0
chrome-devtools-mcp-search,wikipedia_deep_extraction,3,claude-sonnet-4-6,2026-04-03T09:52:05.745Z,true,123818,111966,1452,0,0.09980580000000001,30.35,7,0,0
chrome-devtools-mcp-search,wikipedia_deep_extraction,4,claude-sonnet-4-6,2026-04-03T09:52:54.738Z,true,164424,152577,1965,0,0.11966385,38.429,9,0,0
chrome-devtools-mcp-search,wikipedia_deep_extraction,5,claude-sonnet-4-6,2026-04-03T09:53:27.909Z,true,123575,112687,1389,0,0.09546210000000001,29.33,7,0,0
chrome-devtools-mcp-search,github_issue_investigation,1,claude-sonnet-4-6,2026-04-03T09:53:54.953Z,true,69715,59353,529,0,0.06459315,22.867,4,0,0
chrome-devtools-mcp-search,github_issue_investigation,2,claude-sonnet-4-6,2026-04-03T09:54:20.287Z,false,69768,59379,529,0,0.0647022,21.186,4,0,0
chrome-devtools-mcp-search,github_issue_investigation,3,claude-sonnet-4-6,2026-04-03T09:54:45.356Z,true,69715,57939,515,0,0.06926144999999999,20.951,4,0,0
chrome-devtools-mcp-search,github_issue_investigation,4,claude-sonnet-4-6,2026-04-03T09:55:09.941Z,true,70025,59550,570,0,0.065691,20.878,4,0,0
chrome-devtools-mcp-search,github_issue_investigation,5,claude-sonnet-4-6,2026-04-03T09:55:35.250Z,true,69771,59381,554,0,0.06508155,21.458,4,0,0
chrome-devtools-mcp-search,wikipedia_search_click,2,claude-sonnet-4-6,2026-04-03T09:58:43.657Z,true,184939,172181,951,0,0.11375055,39.159,10,0,1
chrome-devtools-mcp-search,wikipedia_search_click,3,claude-sonnet-4-6,2026-04-03T09:59:27.284Z,true,185736,172904,862,0,0.11290994999999998,40.42,10,0,1
chrome-devtools-mcp-search,wikipedia_search_click,4,claude-sonnet-4-6,2026-04-03T09:59:57.491Z,true,127777,114853,614,0,0.09212340000000001,27.295,7,0,0
chrome-devtools-mcp-search,wikipedia_search_click,5,claude-sonnet-4-6,2026-04-03T10:00:44.119Z,true,204967,192826,1215,0,0.12158954999999999,42.93,11,1,1
chrome-devtools-mcp-search,github_repo_stars,1,claude-sonnet-4-6,2026-04-03T10:01:05.504Z,true,69623,59287,319,0,0.06132585,17.542,4,0,0
chrome-devtools-mcp-search,github_repo_stars,2,claude-sonnet-4-6,2026-04-03T10:01:25.817Z,true,68914,58805,327,0,0.060450000000000004,16.803,4,0,0
chrome-devtools-mcp-search,github_repo_stars,3,claude-sonnet-4-6,2026-04-03T10:01:52.981Z,true,69628,59290,330,0,0.06149925,24.369,4,0,0
chrome-devtools-mcp-search,github_repo_stars,4,claude-sonnet-4-6,2026-04-03T10:02:14.821Z,true,69626,59156,331,0,0.06196905,18.921,4,0,0
chrome-devtools-mcp-search,github_repo_stars,5,claude-sonnet-4-6,2026-04-03T10:02:35.684Z,true,69626,59156,333,0,0.06199905,17.992,4,0,0
chrome-devtools-mcp-search,tabular_data_analysis,1,claude-sonnet-4-6,2026-04-03T10:03:06.802Z,true,122828,112296,985,0,0.0879498,27.724,7,0,1
chrome-devtools-mcp-search,tabular_data_analysis,2,claude-sonnet-4-6,2026-04-03T10:03:31.901Z,true,86661,76993,722,0,0.0701754,21.712,5,0,0
chrome-devtools-mcp-search,tabular_data_analysis,3,claude-sonnet-4-6,2026-04-03T10:04:06.855Z,true,123692,111895,1024,0,0.09315825000000001,29.233,7,0,0
chrome-devtools-mcp-search,tabular_data_analysis,4,claude-sonnet-4-6,2026-04-03T10:04:35.672Z,true,122791,111936,921,0,0.08809305,25.639,7,0,1
chrome-devtools-mcp-search,tabular_data_analysis,5,claude-sonnet-4-6,2026-04-03T10:05:02.205Z,true,105211,93733,870,0,0.08420415,23.024,6,0,0
chrome-devtools-mcp-search,multi_site_research,1,claude-sonnet-4-6,2026-04-03T10:06:00.665Z,true,254512,237465,2046,0,0.16584225,55.58,15,2,0
chrome-devtools-mcp-search,multi_site_research,2,claude-sonnet-4-6,2026-04-03T10:07:15.803Z,true,317268,303564,2845,0,0.18511545000000001,71.241,18,0,0
chrome-devtools-mcp-search,multi_site_research,3,claude-sonnet-4-6,2026-04-03T10:08:30.040Z,true,334923,319864,3256,0,0.20125095,70.181,19,0,0
chrome-devtools-mcp-search,multi_site_research,4,claude-sonnet-4-6,2026-04-03T10:09:33.529Z,true,246069,233178,2019,0,0.14856464999999996,59.139,15,0,0
chrome-devtools-mcp-search,multi_site_research,5,claude-sonnet-4-6,2026-04-03T10:10:20.546Z,true,223237,210264,1682,0,0.13694369999999997,43.294,16,0,0
chrome-devtools-mcp-search,wikipedia_infobox_hop,1,claude-sonnet-4-6,2026-04-03T10:11:05.209Z,true,186803,174876,1366,0,0.11766629999999999,40.652,10,1,0
chrome-devtools-mcp-search,wikipedia_infobox_hop,2,claude-sonnet-4-6,2026-04-03T10:11:56.506Z,true,246884,233475,2134,0,0.15232125,48.17,13,4,1
chrome-devtools-mcp-search,wikipedia_infobox_hop,3,claude-sonnet-4-6,2026-04-03T10:12:53.505Z,true,245089,213513,2083,0,0.21369465000000004,53.234,12,4,0
chrome-devtools-mcp-search,wikipedia_infobox_hop,4,claude-sonnet-4-6,2026-04-03T10:13:42.817Z,true,251560,236154,1720,0,0.1544037,45.991,13,6,1
chrome-devtools-mcp-search,wikipedia_infobox_hop,5,claude-sonnet-4-6,2026-04-03T10:14:31.697Z,true,218942,203148,1598,0,0.1441284,45.591,11,2,0
chrome-devtools-mcp-search,read_static_page,1,claude-sonnet-4-6,2026-04-03T10:14:48.167Z,true,68868,58629,297,0,0.0604347,13.971,4,0,0
chrome-devtools-mcp-search,read_static_page,2,claude-sonnet-4-6,2026-04-03T10:15:07.190Z,true,86098,75174,412,0,0.06968970000000001,16.124,5,0,0
chrome-devtools-mcp-search,read_static_page,3,claude-sonnet-4-6,2026-04-03T10:15:24.928Z,true,85259,75775,430,0,0.06473999999999999,15.541,5,0,0
chrome-devtools-mcp-search,read_static_page,4,claude-sonnet-4-6,2026-04-03T10:15:40.928Z,true,68868,58776,297,0,0.059927549999999996,13.918,4,0,0
chrome-devtools-mcp-search,read_static_page,5,claude-sonnet-4-6,2026-04-03T10:15:57.648Z,true,69585,59262,298,0,0.0609546,14.653,4,0,0
chrome-devtools-mcp-search,wikipedia_link_follow,1,claude-sonnet-4-6,2026-04-03T10:16:44.866Z,true,225013,211963,1953,0,0.14180865,43.684,12,4,0
chrome-devtools-mcp-search,wikipedia_link_follow,2,claude-sonnet-4-6,2026-04-03T10:17:30.050Z,true,224378,211778,1856,0,0.13861065,41.715,12,4,0
chrome-devtools-mcp-search,wikipedia_link_follow,3,claude-sonnet-4-6,2026-04-03T10:18:11.791Z,true,224914,210189,1502,0,0.14079269999999997,38.098,12,4,1
chrome-devtools-mcp-search,wikipedia_link_follow,4,claude-sonnet-4-6,2026-04-03T10:18:39.539Z,true,122246,112457,750,0,0.08168685,25.286,7,0,0
chrome-devtools-mcp-search,wikipedia_link_follow,5,claude-sonnet-4-6,2026-04-03T10:19:12.577Z,true,122155,112354,804,0,0.08251095,30.646,7,0,0
chrome-devtools-mcp-search,github_navigate_to_file,1,claude-sonnet-4-6,2026-04-03T10:19:35.226Z,true,86596,77174,624,0,0.0678372,19.994,5,0,0
chrome-devtools-mcp-search,github_navigate_to_file,2,claude-sonnet-4-6,2026-04-03T10:20:03.836Z,true,103829,94278,905,0,0.07766639999999998,25.204,6,0,0
chrome-devtools-mcp-search,github_navigate_to_file,3,claude-sonnet-4-6,2026-04-03T10:20:27.716Z,true,85680,76305,622,0,0.06737025,20.225,5,0,0
chrome-devtools-mcp-search,github_navigate_to_file,4,claude-sonnet-4-6,2026-04-03T10:20:49.883Z,true,86597,75768,622,0,0.07266165,19.387,5,0,0
chrome-devtools-mcp-search,github_navigate_to_file,5,claude-sonnet-4-6,2026-04-03T10:21:12.620Z,true,85937,76683,539,0,0.06578490000000001,19.077,5,0,0
chrome-devtools-mcp-search,multi_page_comparison,1,claude-sonnet-4-6,2026-04-03T10:21:40.437Z,true,122701,113015,802,0,0.08224799999999999,25.45,7,0,0
chrome-devtools-mcp-search,multi_page_comparison,2,claude-sonnet-4-6,2026-04-03T10:22:23.985Z,true,217085,205557,1570,0,0.12843285000000002,40.43,12,0,0
chrome-devtools-mcp-search,multi_page_comparison,3,claude-sonnet-4-6,2026-04-03T10:22:50.448Z,true,103564,93994,683,0,0.07432394999999999,23.69,6,0,0
chrome-devtools-mcp-search,multi_page_comparison,4,claude-sonnet-4-6,2026-04-03T10:23:17.009Z,true,122704,111465,801,0,0.08759175,23.904,7,0,0
chrome-devtools-mcp-search,multi_page_comparison,5,claude-sonnet-4-6,2026-04-03T10:23:42.372Z,true,122707,112869,808,0,0.08286420000000001,22.775,7,0,0
chrome-devtools-mcp-search,wikipedia_table_read,1,claude-sonnet-4-6,2026-04-03T10:24:12.568Z,true,124171,113616,1214,0,0.09186704999999998,27.448,7,0,0
chrome-devtools-mcp-search,wikipedia_table_read,2,claude-sonnet-4-6,2026-04-03T10:24:45.070Z,true,123910,113722,1361,0,0.0927276,29.689,7,0,0
chrome-devtools-mcp-search,wikipedia_table_read,3,claude-sonnet-4-6,2026-04-03T10:25:15.731Z,true,124039,113599,1287,0,0.0925257,27.614,7,0,0
chrome-devtools-mcp-search,wikipedia_table_read,4,claude-sonnet-4-6,2026-04-03T10:25:41.419Z,true,104128,94115,888,0,0.07909499999999998,22.662,6,0,0
chrome-devtools-mcp-search,wikipedia_table_read,5,claude-sonnet-4-6,2026-04-03T10:26:10.662Z,true,105200,93668,1126,0,0.08822714999999998,26.352,6,0,0
chrome-devtools-mcp-search,wikipedia_fact_lookup,1,claude-sonnet-4-6,2026-04-03T10:26:33.834Z,true,86324,76879,521,0,0.06628995,20.052,5,0,0
chrome-devtools-mcp-search,wikipedia_fact_lookup,2,claude-sonnet-4-6,2026-04-03T10:26:53.188Z,true,86291,76876,492,0,0.06574155,16.731,5,0,0
chrome-devtools-mcp-search,wikipedia_fact_lookup,3,claude-sonnet-4-6,2026-04-03T10:27:12.814Z,true,86298,76879,508,0,0.06599745,17.038,5,0,0
chrome-devtools-mcp-search,wikipedia_fact_lookup,4,claude-sonnet-4-6,2026-04-03T10:27:32.554Z,true,85387,74758,495,0,0.06970364999999999,16.983,5,0,0
chrome-devtools-mcp-search,wikipedia_fact_lookup,5,claude-sonnet-4-6,2026-04-03T10:27:51.119Z,true,85387,76325,495,0,0.0642975,15.469,5,0,0
chrome-devtools-mcp-search,wikipedia_search_click,1,claude-sonnet-4-6,2026-04-03T11:32:25.967Z,true,203738,191975,1164,0,0.11915174999999999,33.818,11,1,1
chrome-devtools-mcp,github_repo_stars,1,claude-sonnet-4-6,2026-04-03T07:18:08.580Z,true,153259,121780,723,0,0.16542075000000003,28.617,5,0,0
chrome-devtools-mcp,github_repo_stars,2,claude-sonnet-4-6,2026-04-03T07:18:41.596Z,true,184687,175948,864,0,0.09851039999999998,29.646,6,0,0
chrome-devtools-mcp,github_repo_stars,3,claude-sonnet-4-6,2026-04-03T07:19:06.977Z,true,153171,144911,620,0,0.0837438,22.412,5,0,0
chrome-devtools-mcp,github_repo_stars,4,claude-sonnet-4-6,2026-04-03T07:19:45.524Z,true,184906,176223,1030,0,0.1008729,35.062,6,0,0
chrome-devtools-mcp,github_repo_stars,5,claude-sonnet-4-6,2026-04-03T07:20:07.397Z,true,157875,145553,522,0,0.09769889999999999,18.65,5,2,0
chrome-devtools-mcp,wikipedia_search_click,1,claude-sonnet-4-6,2026-04-03T07:20:46.336Z,true,281926,271957,748,0,0.13018335,35.529,9,0,1
chrome-devtools-mcp,wikipedia_search_click,2,claude-sonnet-4-6,2026-04-03T07:21:15.034Z,true,218046,207880,614,0,0.1096905,25.739,7,0,0
chrome-devtools-mcp,wikipedia_search_click,3,claude-sonnet-4-6,2026-04-03T07:21:44.824Z,true,250069,240619,650,0,0.11736645000000001,26.435,8,0,0
chrome-devtools-mcp,wikipedia_search_click,4,claude-sonnet-4-6,2026-04-03T07:22:13.633Z,true,218060,208717,582,0,0.10637535000000001,25.817,7,0,0
chrome-devtools-mcp,wikipedia_search_click,5,claude-sonnet-4-6,2026-04-03T07:22:49.729Z,true,318051,307015,1086,0,0.14977125000000002,32.812,10,2,0
chrome-devtools-mcp,wikipedia_infobox_hop,1,claude-sonnet-4-6,2026-04-03T07:23:25.144Z,true,249952,240151,978,0,0.1234623,32.6,8,0,0
chrome-devtools-mcp,wikipedia_infobox_hop,2,claude-sonnet-4-6,2026-04-03T07:23:59.587Z,true,249503,240142,1248,0,0.1258596,31.162,8,0,0
chrome-devtools-mcp,wikipedia_infobox_hop,3,claude-sonnet-4-6,2026-04-03T07:24:34.995Z,true,249666,240261,1273,0,0.1264353,31.098,8,0,0
chrome-devtools-mcp,wikipedia_infobox_hop,4,claude-sonnet-4-6,2026-04-03T07:25:09.295Z,true,249813,239678,919,0,0.1236879,30.577,8,0,0
chrome-devtools-mcp,wikipedia_infobox_hop,5,claude-sonnet-4-6,2026-04-03T07:25:46.634Z,true,217470,208351,1089,0,0.11303054999999998,34.313,7,0,0
chrome-devtools-mcp,github_navigate_to_file,1,claude-sonnet-4-6,2026-04-03T07:26:05.658Z,true,91070,83363,327,0,0.058812149999999994,15.208,3,0,0
chrome-devtools-mcp,github_navigate_to_file,2,claude-sonnet-4-6,2026-04-03T07:26:23.603Z,true,91176,83363,374,0,0.05991465,14.751,3,0,0
chrome-devtools-mcp,github_navigate_to_file,3,claude-sonnet-4-6,2026-04-03T07:26:48.464Z,true,121811,113870,549,0,0.072171,20.806,4,0,0
chrome-devtools-mcp,github_navigate_to_file,4,claude-sonnet-4-6,2026-04-03T07:27:07.947Z,true,91075,83363,332,0,0.0589059,16.626,3,0,0
chrome-devtools-mcp,github_navigate_to_file,5,claude-sonnet-4-6,2026-04-03T07:27:35.993Z,true,152919,144641,460,0,0.0813303,23.947,5,0,0
chrome-devtools-mcp,tabular_data_analysis,1,claude-sonnet-4-6,2026-04-03T07:27:57.172Z,true,91032,83367,453,0,0.06054585,17.032,3,0,0
chrome-devtools-mcp,tabular_data_analysis,2,claude-sonnet-4-6,2026-04-03T07:28:24.728Z,true,123170,113658,649,0,0.07949865,23.967,4,0,0
chrome-devtools-mcp,tabular_data_analysis,3,claude-sonnet-4-6,2026-04-03T07:28:43.680Z,true,91215,83367,531,0,0.062402099999999995,15.646,3,0,0
chrome-devtools-mcp,tabular_data_analysis,4,claude-sonnet-4-6,2026-04-03T07:29:01.204Z,true,91031,83367,474,0,0.0608571,14.119,3,0,0
chrome-devtools-mcp,tabular_data_analysis,5,claude-sonnet-4-6,2026-04-03T07:29:18.875Z,true,91023,83367,472,0,0.0607971,14.5,3,0,0
chrome-devtools-mcp,multi_site_research,1,claude-sonnet-4-6,2026-04-03T07:30:22.589Z,true,453469,442053,2270,0,0.20946464999999997,60.268,16,0,0
chrome-devtools-mcp,multi_site_research,2,claude-sonnet-4-6,2026-04-03T07:31:11.737Z,true,342278,326452,1722,0,0.18310335,44.823,16,0,0
chrome-devtools-mcp,multi_site_research,3,claude-sonnet-4-6,2026-04-03T07:32:10.622Z,true,413682,402603,1776,0,0.18895514999999996,55.042,14,0,0
chrome-devtools-mcp,multi_site_research,4,claude-sonnet-4-6,2026-04-03T07:33:26.170Z,true,509817,490733,3810,0,0.27592215000000003,72.229,26,8,1
chrome-devtools-mcp,multi_site_research,5,claude-sonnet-4-6,2026-04-03T07:34:34.364Z,true,414794,403038,1943,0,0.1941294,64.813,15,0,1
chrome-devtools-mcp,wikipedia_table_read,1,claude-sonnet-4-6,2026-04-03T07:34:55.498Z,true,121999,113960,682,0,0.0745605,17.695,4,0,0
chrome-devtools-mcp,wikipedia_table_read,2,claude-sonnet-4-6,2026-04-03T07:35:17.592Z,true,121927,113699,662,0,0.07489095,18.369,4,0,0
chrome-devtools-mcp,wikipedia_table_read,3,claude-sonnet-4-6,2026-04-03T07:35:39.102Z,true,121848,113889,593,0,0.0729042,18.651,4,0,0
chrome-devtools-mcp,wikipedia_table_read,4,claude-sonnet-4-6,2026-04-03T07:36:21.049Z,true,215905,206866,1366,0,0.11644004999999999,38.816,7,0,0
chrome-devtools-mcp,wikipedia_table_read,5,claude-sonnet-4-6,2026-04-03T07:36:44.661Z,true,153688,145191,715,0,0.08614155,20.551,5,0,0
chrome-devtools-mcp,wikipedia_fact_lookup,1,claude-sonnet-4-6,2026-04-03T07:37:07.774Z,true,90813,83320,299,0,0.057576749999999996,20.05,3,0,0
chrome-devtools-mcp,wikipedia_fact_lookup,2,claude-sonnet-4-6,2026-04-03T07:37:23.775Z,true,90838,83321,320,0,0.05798205,13.216,3,0,0
chrome-devtools-mcp,wikipedia_fact_lookup,3,claude-sonnet-4-6,2026-04-03T07:37:40.112Z,true,90809,83320,293,0,0.057471749999999995,13.426,3,0,0
chrome-devtools-mcp,wikipedia_fact_lookup,4,claude-sonnet-4-6,2026-04-03T07:37:57.406Z,true,90815,83321,299,0,0.0575808,13.677,3,0,0
chrome-devtools-mcp,wikipedia_fact_lookup,5,claude-sonnet-4-6,2026-04-03T07:38:15.475Z,true,90799,83320,283,0,0.057284249999999995,15.236,3,0,0
chrome-devtools-mcp,github_issue_investigation,1,claude-sonnet-4-6,2026-04-03T07:39:08.836Z,false,288185,277040,1969,0,0.15443325000000002,47.316,9,0,0
chrome-devtools-mcp,github_issue_investigation,2,claude-sonnet-4-6,2026-04-03T07:39:43.971Z,true,188370,178370,1159,0,0.10839075000000001,30.924,6,0,0
chrome-devtools-mcp,github_issue_investigation,3,claude-sonnet-4-6,2026-04-03T07:40:30.669Z,true,254167,242520,1428,0,0.1378455,42.014,8,0,0
chrome-devtools-mcp,github_issue_investigation,4,claude-sonnet-4-6,2026-04-03T07:41:16.897Z,true,254291,244196,1549,0,0.1343433,40.438,8,0,0
chrome-devtools-mcp,github_issue_investigation,5,claude-sonnet-4-6,2026-04-03T07:41:58.236Z,true,188230,178281,1351,0,0.11105280000000001,35.756,6,0,0
chrome-devtools-mcp,wikipedia_deep_extraction,1,claude-sonnet-4-6,2026-04-03T07:42:24.273Z,true,123205,114509,948,0,0.08117895,22.075,4,0,0
chrome-devtools-mcp,wikipedia_deep_extraction,2,claude-sonnet-4-6,2026-04-03T07:42:55.798Z,true,124308,114804,1347,0,0.09028245,27.058,4,0,0
chrome-devtools-mcp,wikipedia_deep_extraction,3,claude-sonnet-4-6,2026-04-03T07:43:18.251Z,true,91262,83386,593,0,0.0634428,15.473,3,0,0
chrome-devtools-mcp,wikipedia_deep_extraction,4,claude-sonnet-4-6,2026-04-03T07:43:49.057Z,true,155979,146425,1356,0,0.10009049999999999,27.025,5,0,0
chrome-devtools-mcp,wikipedia_deep_extraction,5,claude-sonnet-4-6,2026-04-03T07:44:10.105Z,true,91225,83386,555,0,0.06273405,17.26,3,0,0
chrome-devtools-mcp,wikipedia_link_follow,1,claude-sonnet-4-6,2026-04-03T07:44:43.150Z,true,216392,207404,667,0,0.1059252,29.139,7,0,0
chrome-devtools-mcp,wikipedia_link_follow,2,claude-sonnet-4-6,2026-04-03T07:45:17.210Z,true,249291,239409,886,0,0.12216345,29.926,8,0,1
chrome-devtools-mcp,wikipedia_link_follow,3,claude-sonnet-4-6,2026-04-03T07:45:58.137Z,true,312458,302828,1268,0,0.14597115,37.705,10,2,0
chrome-devtools-mcp,wikipedia_link_follow,4,claude-sonnet-4-6,2026-04-03T07:46:22.994Z,true,183964,175720,538,0,0.09169574999999999,22.432,6,0,0
chrome-devtools-mcp,wikipedia_link_follow,5,claude-sonnet-4-6,2026-04-03T07:46:52.408Z,true,216239,207477,736,0,0.1061346,27.117,7,0,0
chrome-devtools-mcp,navigate_404,1,claude-sonnet-4-6,2026-04-03T07:47:15.524Z,true,152955,144208,442,0,0.08268915,19.641,5,0,0
chrome-devtools-mcp,navigate_404,2,claude-sonnet-4-6,2026-04-03T07:47:37.932Z,true,152955,144208,452,0,0.08283915,18.81,5,0,0
chrome-devtools-mcp,navigate_404,3,claude-sonnet-4-6,2026-04-03T07:47:59.818Z,true,152955,143862,431,0,0.08371785,18.491,5,0,0
chrome-devtools-mcp,navigate_404,4,claude-sonnet-4-6,2026-04-03T07:48:21.695Z,true,152955,144146,432,0,0.08275305,18.035,5,0,0
chrome-devtools-mcp,navigate_404,5,claude-sonnet-4-6,2026-04-03T07:48:45.023Z,true,153107,144051,492,0,0.08455080000000001,19.877,5,0,0
chrome-devtools-mcp,multi_page_comparison,1,claude-sonnet-4-6,2026-04-03T07:49:11.444Z,true,215728,206781,791,0,0.10744455,23.335,7,0,0
chrome-devtools-mcp,multi_page_comparison,2,claude-sonnet-4-6,2026-04-03T07:49:37.787Z,true,215676,207022,746,0,0.1057431,23.844,7,0,0
chrome-devtools-mcp,multi_page_comparison,3,claude-sonnet-4-6,2026-04-03T07:50:04.048Z,true,215700,207040,763,0,0.106026,23.455,7,0,0
chrome-devtools-mcp,multi_page_comparison,4,claude-sonnet-4-6,2026-04-03T07:50:29.303Z,true,215662,206504,745,0,0.1074627,22.466,7,0,0
chrome-devtools-mcp,multi_page_comparison,5,claude-sonnet-4-6,2026-04-03T07:50:58.041Z,true,215700,207260,747,0,0.105027,25.481,7,0,0
chrome-devtools-mcp,read_static_page,1,claude-sonnet-4-6,2026-04-03T07:51:10.970Z,true,90638,83230,142,0,0.054875999999999994,10.252,3,0,0
chrome-devtools-mcp,read_static_page,2,claude-sonnet-4-6,2026-04-03T07:51:24.410Z,true,90704,83263,176,0,0.05551965,10.46,3,0,0
chrome-devtools-mcp,read_static_page,3,claude-sonnet-4-6,2026-04-03T07:51:37.644Z,true,90638,83109,142,0,0.055293449999999994,10.516,3,0,0
chrome-devtools-mcp,read_static_page,4,claude-sonnet-4-6,2026-04-03T07:51:50.941Z,true,90704,83263,176,0,0.05551965,10.213,3,0,0
chrome-devtools-mcp,read_static_page,5,claude-sonnet-4-6,2026-04-03T07:52:03.799Z,true,90638,83230,142,0,0.054875999999999994,10.413,3,0,0
dev-browser,github_issue_investigation,1,claude-sonnet-4-6,2026-04-03T09:09:34.992Z,false,105054,93932,2439,0,0.10646684999999999,47.262,6,5,2
dev-browser,github_issue_investigation,2,claude-sonnet-4-6,2026-04-03T09:10:56.702Z,true,169136,155818,4077,0,0.1578354,76.066,9,8,2
dev-browser,github_issue_investigation,3,claude-sonnet-4-6,2026-04-03T09:11:54.617Z,true,110278,98510,3163,0,0.12112275000000003,52.971,6,5,2
dev-browser,github_issue_investigation,4,claude-sonnet-4-6,2026-04-03T09:13:04.004Z,true,164040,151923,3139,0,0.13809315,63.094,9,8,3
dev-browser,github_issue_investigation,5,claude-sonnet-4-6,2026-04-03T09:13:39.262Z,true,50711,41008,1500,0,0.07118565000000002,28.658,3,2,1
dev-browser,wikipedia_deep_extraction,1,claude-sonnet-4-6,2026-04-03T09:14:10.331Z,true,50468,41286,1358,0,0.0671853,23.161,3,2,0
dev-browser,wikipedia_deep_extraction,2,claude-sonnet-4-6,2026-04-03T09:14:51.570Z,true,122433,109138,1856,0,0.11043164999999999,35.043,7,3,0
dev-browser,wikipedia_deep_extraction,3,claude-sonnet-4-6,2026-04-03T09:15:19.635Z,true,54974,43658,939,0,0.0696144,23.541,3,2,0
dev-browser,wikipedia_deep_extraction,4,claude-sonnet-4-6,2026-04-03T09:16:00.690Z,true,88661,77899,1688,0,0.0890427,35.818,5,2,0
dev-browser,wikipedia_deep_extraction,5,claude-sonnet-4-6,2026-04-03T09:16:33.251Z,true,51149,41315,1093,0,0.065664,19.461,3,2,0
dev-browser,navigate_404,1,claude-sonnet-4-6,2026-04-03T09:16:52.178Z,true,32492,24501,507,0,0.0449193,14.437,2,1,0
dev-browser,navigate_404,2,claude-sonnet-4-6,2026-04-03T09:17:11.059Z,true,32554,24501,575,0,0.0461718,13.651,2,1,0
dev-browser,navigate_404,3,claude-sonnet-4-6,2026-04-03T09:17:30.947Z,true,33282,24501,617,0,0.0495318,15.093,2,1,0
dev-browser,navigate_404,4,claude-sonnet-4-6,2026-04-03T09:18:02.805Z,true,84733,75126,1401,0,0.07957455000000001,26.77,5,4,2
dev-browser,navigate_404,5,claude-sonnet-4-6,2026-04-03T09:18:42.637Z,true,108510,96682,1282,0,0.09258435,34.867,6,5,2
dev-browser,tabular_data_analysis,1,claude-sonnet-4-6,2026-04-03T09:19:00.092Z,true,32537,24518,575,0,0.0460494,12.685,2,1,0
dev-browser,tabular_data_analysis,2,claude-sonnet-4-6,2026-04-03T09:19:16.885Z,true,35554,24518,541,0,0.05685315,12.306,2,1,0
dev-browser,tabular_data_analysis,3,claude-sonnet-4-6,2026-04-03T09:19:36.667Z,true,33641,24518,544,0,0.0497244,12.615,2,1,0
dev-browser,tabular_data_analysis,4,claude-sonnet-4-6,2026-04-03T09:19:54.236Z,true,33646,24518,473,0,0.048678149999999996,12.78,2,1,0
dev-browser,tabular_data_analysis,5,claude-sonnet-4-6,2026-04-03T09:20:13.667Z,true,48936,40862,696,0,0.052973099999999995,14.55,3,1,0
dev-browser,wikipedia_table_read,1,claude-sonnet-4-6,2026-04-03T09:20:58.317Z,true,211429,199875,2097,0,0.13473525,40.206,12,6,3
dev-browser,wikipedia_table_read,2,claude-sonnet-4-6,2026-04-03T09:21:45.952Z,true,175950,164321,2282,0,0.1271268,43.659,10,5,2
dev-browser,wikipedia_table_read,3,claude-sonnet-4-6,2026-04-03T09:22:21.818Z,true,118895,109424,1769,0,0.09487245000000001,31.829,7,3,0
dev-browser,wikipedia_table_read,4,claude-sonnet-4-6,2026-04-03T09:22:53.121Z,true,82958,74287,1208,0,0.07291785,26.928,5,2,0
dev-browser,wikipedia_table_read,5,claude-sonnet-4-6,2026-04-03T09:23:17.278Z,true,82865,74229,1186,0,0.0724392,19.933,5,2,0
dev-browser,github_navigate_to_file,1,claude-sonnet-4-6,2026-04-03T09:23:50.862Z,true,49082,40890,595,0,0.051909000000000004,29.627,3,2,1
dev-browser,github_navigate_to_file,2,claude-sonnet-4-6,2026-04-03T09:24:34.394Z,true,49227,40880,713,0,0.05425724999999999,38.742,3,2,1
dev-browser,github_navigate_to_file,3,claude-sonnet-4-6,2026-04-03T09:25:03.124Z,true,85147,75264,1031,0,0.07510095,23.821,5,4,0
dev-browser,github_navigate_to_file,4,claude-sonnet-4-6,2026-04-03T09:25:46.736Z,true,66791,57813,1066,0,0.06699765,39.37,4,3,1
dev-browser,github_navigate_to_file,5,claude-sonnet-4-6,2026-04-03T09:26:25.727Z,true,49188,40879,707,0,0.05402445,34.794,3,2,1
dev-browser,wikipedia_link_follow,1,claude-sonnet-4-6,2026-04-03T09:26:57.250Z,true,89483,77691,1396,0,0.0884628,27.254,5,4,2
dev-browser,wikipedia_link_follow,2,claude-sonnet-4-6,2026-04-03T09:27:51.024Z,true,102229,92133,1096,0,0.08193464999999998,49.636,6,5,1
dev-browser,wikipedia_link_follow,3,claude-sonnet-4-6,2026-04-03T09:28:19.285Z,true,89057,77430,1231,0,0.08529075,23.866,5,4,2
dev-browser,wikipedia_link_follow,4,claude-sonnet-4-6,2026-04-03T09:28:58.007Z,true,128043,115406,1730,0,0.10795455,34.518,7,6,3
dev-browser,wikipedia_link_follow,5,claude-sonnet-4-6,2026-04-03T09:29:27.457Z,true,85335,74956,1407,0,0.08250855,25.833,5,4,2
dev-browser,wikipedia_infobox_hop,1,claude-sonnet-4-6,2026-04-03T09:30:25.495Z,true,217173,205301,2549,0,0.14433554999999998,53.404,12,6,3
dev-browser,wikipedia_infobox_hop,2,claude-sonnet-4-6,2026-04-03T09:31:43.842Z,true,171828,158265,2560,0,0.13673325000000003,72.076,9,8,4
dev-browser,wikipedia_infobox_hop,3,claude-sonnet-4-6,2026-04-03T09:32:03.830Z,true,49450,41191,883,0,0.056570550000000004,15.814,3,1,0
dev-browser,wikipedia_infobox_hop,4,claude-sonnet-4-6,2026-04-03T09:32:25.315Z,true,49426,41174,875,0,0.0564192,16.529,3,1,0
dev-browser,wikipedia_infobox_hop,5,claude-sonnet-4-6,2026-04-03T09:32:46.263Z,true,49240,41081,771,0,0.054482550000000005,15.837,3,1,0
dev-browser,github_repo_stars,1,claude-sonnet-4-6,2026-04-03T09:33:37.092Z,true,102997,92950,1881,0,0.09377100000000001,47.072,6,5,0
dev-browser,github_repo_stars,2,claude-sonnet-4-6,2026-04-03T09:33:55.200Z,true,32332,24486,418,0,0.04303605,13.434,2,1,1
dev-browser,github_repo_stars,3,claude-sonnet-4-6,2026-04-03T09:34:13.676Z,true,48510,40731,500,0,0.04888755,14.157,3,1,0
dev-browser,github_repo_stars,4,claude-sonnet-4-6,2026-04-03T09:34:34.585Z,true,48862,40902,652,0,0.0518976,17.296,3,1,0
dev-browser,github_repo_stars,5,claude-sonnet-4-6,2026-04-03T09:35:19.085Z,true,118637,109261,1651,0,0.0926973,40.207,7,3,3
dev-browser,multi_site_research,1,claude-sonnet-4-6,2026-04-03T09:35:41.469Z,true,34088,24547,1062,0,0.0590706,16.999,4,3,0
dev-browser,multi_site_research,2,claude-sonnet-4-6,2026-04-03T09:36:17.728Z,true,70692,60237,2124,0,0.0891336,32.2,7,6,0
dev-browser,multi_site_research,3,claude-sonnet-4-6,2026-04-03T09:37:02.012Z,true,89547,78712,2386,0,0.10003035,38.461,8,7,0
dev-browser,multi_site_research,4,claude-sonnet-4-6,2026-04-03T09:37:40.119Z,true,87155,77172,2038,0,0.09115335000000001,32.256,7,6,0
dev-browser,multi_site_research,5,claude-sonnet-4-6,2026-04-03T09:38:14.196Z,true,69353,59384,1770,0,0.08174519999999999,28.614,6,5,0
dev-browser,wikipedia_fact_lookup,1,claude-sonnet-4-6,2026-04-03T09:38:37.056Z,true,82197,73900,907,0,0.06688425,19.21,5,2,0
dev-browser,wikipedia_fact_lookup,2,claude-sonnet-4-6,2026-04-03T09:39:14.864Z,true,171846,161389,1689,0,0.1129572,33.555,10,5,3
dev-browser,wikipedia_fact_lookup,3,claude-sonnet-4-6,2026-04-03T09:40:00.329Z,true,160724,148459,2588,0,0.12934394999999999,41.481,9,4,0
dev-browser,wikipedia_fact_lookup,4,claude-sonnet-4-6,2026-04-03T09:40:27.862Z,true,83312,73936,921,0,0.0711513,19.477,5,2,0
dev-browser,wikipedia_fact_lookup,5,claude-sonnet-4-6,2026-04-03T09:40:43.921Z,true,48735,40850,573,0,0.050415749999999995,12.662,3,1,0
dev-browser,wikipedia_search_click,1,claude-sonnet-4-6,2026-04-03T09:41:21.045Z,true,84021,74609,932,0,0.07165319999999999,33.137,5,2,1
dev-browser,wikipedia_search_click,2,claude-sonnet-4-6,2026-04-03T09:41:36.683Z,true,33450,24506,415,0,0.047114550000000005,11.546,2,1,0
dev-browser,wikipedia_search_click,3,claude-sonnet-4-6,2026-04-03T09:42:55.237Z,true,162436,150353,2595,0,0.12933465,74.301,9,8,5
dev-browser,wikipedia_search_click,4,claude-sonnet-4-6,2026-04-03T09:44:08.194Z,true,156537,139932,1775,0,0.1308666,67.899,8,7,3
dev-browser,wikipedia_search_click,5,claude-sonnet-4-6,2026-04-03T09:44:24.769Z,true,49698,40735,445,0,0.05250375,12.572,3,1,0
dev-browser,multi_page_comparison,1,claude-sonnet-4-6,2026-04-03T09:44:50.631Z,true,66791,57836,1174,0,0.0685383,21.849,4,3,0
dev-browser,multi_page_comparison,2,claude-sonnet-4-6,2026-04-03T09:45:07.485Z,true,48742,40754,689,0,0.052513199999999996,13.327,3,2,0
dev-browser,multi_page_comparison,3,claude-sonnet-4-6,2026-04-03T09:45:43.132Z,true,123318,112140,1949,0,0.10478849999999999,31.8,7,6,2
dev-browser,multi_page_comparison,4,claude-sonnet-4-6,2026-04-03T09:46:08.289Z,true,67618,58487,1304,0,0.07134360000000001,20.977,5,4,0
dev-browser,multi_page_comparison,5,claude-sonnet-4-6,2026-04-03T09:46:26.245Z,true,48717,40742,673,0,0.052220850000000006,13.806,3,2,0
dev-browser,read_static_page,1,claude-sonnet-4-6,2026-04-03T09:46:40.980Z,true,48251,40602,321,0,0.04567635,10.154,3,1,0
dev-browser,read_static_page,2,claude-sonnet-4-6,2026-04-03T09:46:55.464Z,true,48250,40602,320,0,0.04565759999999999,10.84,3,1,0
dev-browser,read_static_page,3,claude-sonnet-4-6,2026-04-03T09:47:09.579Z,true,48249,40602,319,0,0.045638849999999995,10.298,3,1,0
dev-browser,read_static_page,4,claude-sonnet-4-6,2026-04-03T09:47:26.625Z,true,48282,40615,372,0,0.046512750000000005,11.284,3,1,0
dev-browser,read_static_page,5,claude-sonnet-4-6,2026-04-03T09:47:42.875Z,true,48319,40615,371,0,0.046636500000000004,12.923,3,1,0
